task_name,test_number,submission_id,test_output_grid,attempt_number
00576224.json,1,claude3_5-langchain,|323232|787878|232323|878787|323232|787878|,1
00576224.json,1,claude3_5-langchain,|323232|787878|232323|878787|323232|787878|,2
009d5c81.json,1,claude3_5-langchain,|00000000000000|00000555555555|00000500050505|00000505050005|00000555555555|00000000000000|00000000000000|00000000000000|00000000000000|00000000000000|00000000000000|00000000000000|00000000000000|00000000000000|,1
009d5c81.json,1,claude3_5-langchain,|00000000000000|00000777777777|00000700070707|00000707070007|00000777777777|00000000000000|00000000000000|00000000000000|00000000000000|00000000000000|00000000000000|00000000000000|00000000000000|00000000000000|,2
00dbd492.json,1,claude3_5-langchain,|00000000000222220000|02222222220288820000|02555555520282820000|02555555520288820000|02555555520222220000|02555255520000000000|02555555520000000000|02555555520002222200|02555555520002888200|02222222220002828200|00000000000002888200|00000000000002222200|00000222222200000000|00000244444200000000|00000244444200000000|00000244244200000000|00000244444200000000|00000244444200000000|00000222222200000000|00000000000000000000|,1
00dbd492.json,1,claude3_5-langchain,|00000000000222220000|02222222220288820000|02555555520282820000|02555555520288820000|02555555520222220000|02555255520000000000|02555555520000000000|02555555520002222200|02555555520002888200|02222222220002828200|00000000000002888200|00000000000002222200|00000222222200000000|00000244444200000000|00000244444200000000|00000244244200000000|00000244444200000000|00000244444200000000|00000222222200000000|00000000000000000000|,2
03560426.json,1,claude3_5-langchain,|7000000000|7000000000|7880000000|7880000000|0860000000|0060000000|0063300000|0003300000|0000000000|0000000000|,1
03560426.json,1,claude3_5-langchain,|7000000000|7000000000|7880000000|7880000000|0860000000|0060000000|0063300000|0003300000|0000000000|0000000000|,2
05a7bcf2.json,1,claude3_5-langchain,|000000000020000000080000000000|000000000022200000080000033000|000000000022000000080000033000|000000000022000000080000033300|000000000022200000080000044400|000000000022000000080000044400|000000000022222000080000044400|000000000022220000080000044400|000000000020000000080000044400|000000000020000000080000044400|000000000022200000080000330000|000000000022000000080000330000|000000000020000000080000330000|000000000022200000080000330000|000000000022220000080000300000|000000000022000000080000300000|000000000020000000080000440000|000000000022000000080000440000|000000000020000000080000440000|000000000022000000080000440000|000000000022200000080000300000|000000000022222000080000300000|000000000022000000080000300000|000000000022200000080000300000|000000000022220000080000440000|000000000022000000080000440000|000000000022000000080000440003|000000000022200000080000030000|000000000022200000080000040000|000000000020000000080000040000|,1
05a7bcf2.json,1,claude3_5-langchain,|000000000020000000080000000000|000000000022200000080000033000|000000000022000000080000033000|000000000022000000080000033300|000000000022200000080000044400|000000000022000000080000044400|000000000022222000080000044400|000000000022220000080000044400|000000000020000000080000044400|000000000020000000080000044400|000000000022200000080000330000|000000000022000000080000330000|000000000020000000080000330000|000000000022200000080000330000|000000000022220000080000300000|000000000022000000080000300000|000000000020000000080000440000|000000000022000000080000440000|000000000020000000080000440000|000000000022000000080000440000|000000000022200000080000300000|000000000022222000080000300000|000000000022000000080000300000|000000000022200000080000300000|000000000022220000080000440000|000000000022000000080000440000|000000000022000000080000440003|000000000022200000080000030004|000000000022200000080000044004|000000000020000000080000044004|,2
0607ce86.json,1,claude3_5-langchain,|0000000000000000000000|0228220228220228220000|0338330338330338330000|0338330338330338330000|0888880888880888880000|0888880888880888880000|0000000000000000000000|0000000000000000000000|0228220228220228220000|0338330338330338330000|0338330338330338330000|0888880888880888880000|0888880888880888880000|0000000000000000000000|0000000000000000000000|0228220228220228220000|0338330338330338330000|0338330338330338330000|0888880888880888880000|0888880888880888880000|0000000000000000000000|0000000000000000000000|0000000000000000000000|0000000000000000000000|,1
0607ce86.json,1,claude3_5-langchain,|0000000000000000000000|0228220228220228220000|0338330338330338330000|0338330338330338330000|0888880888880888880000|0888880888880888880000|0000000000000000000000|0000000000000000000000|0228220228220228220000|0338330338330338330000|0338330338330338330000|0888880888880888880000|0888880888880888880000|0000000000000000000000|0000000000000000000000|0228220228220228220000|0338330338330338330000|0338330338330338330000|0888880888880888880000|0888880888880888880000|0000000000000000000000|0000000000000000000000|0000000000000000000000|0000000000000000000000|,2
0692e18c.json,1,claude3_5-langchain,|000000330|000000333|000000330|330330000|333333000|330330000|000330000|000333000|000330000|,1
0692e18c.json,1,claude3_5-langchain,|000000333|000000333|000000333|333333000|333333000|333333000|000333000|000333000|000333000|,2
070dd51e.json,1,claude3_5-langchain,|00000000000000000000|00030000000000000000|00030000050000000000|02232222252222222000|00030000050000000000|00030000050000000000|00030000050000000000|00030007757777000000|00030000050000000000|00030000050000000000|00030000050000000000|00030000050000000000|00030000050000000000|00030000050000000000|00030000858888800000|00030000050000000000|00030000050000000000|00030000050000000000|00030000050000000000|00000000000000000000|,1
070dd51e.json,1,claude3_5-langchain,|00000000000000000000|00030000000000000000|00030000050000000000|02030000050000002000|02030000050000002000|02030000050000002000|02030000050000002000|02030007050007002000|02030007050007002000|02030007050007002000|02030007050007002000|02030007050007002000|02030007050007002000|02030007050007002000|02030008858888802000|02030000850000802000|02030000850000802000|02030000850000802000|02030000850000802000|00000000000000000000|,2
08573cc6.json,1,claude3_5-langchain,|0000000000000|0000000000000|2222222280000|0000000080000|0222228080000|0800001080000|0802222080000|0808000080000|0808000080000|0808222280000|0800000080000|0822222220000|0000000000000|,1
08573cc6.json,1,claude3_5-langchain,|0000000000000|0000000000000|2222222280000|0000000080000|0222228080000|0800001080000|0802222080000|0808000080000|0808000080000|0808222280000|0800000080000|0822222220000|0000000000000|,2
0934a4d8.json,1,claude3_5-langchain,|1937739|9377773|7622226|,1
0934a4d8.json,1,claude3_5-langchain,|3762267|7666667|2719917|,2
09c534e7.json,1,claude3_5-langchain,|000000000000000000000000000000|000000001111100000000001111110|001111001444100111111001444410|001441111444111144441111444410|001441001444100144441001444410|001111001111100111111001111110|000000001111100000100001111110|000000000010000011110000001000|000011110111000014410000111100|000014411141000014410000144100|000011110111000000000000111100|000001000111000000000000111100|000011100000000000000000000000|000014100000000111110000000000|000011100000000188810111100000|000000000111000188811144100000|000000000141000188810111100000|000000000111000111110000000000|000000000010000010000000000000|000000000111111111111000000000|011101110144444444441000011110|014111410144444444441000016610|011101111144444444441000016610|000001410144444444441000011110|000000000111111111111000011110|000000000111111111111000000100|001111000000000000000000011110|001441001111000111100000014410|001441111441111144111111114410|001111001111000111100000011110|,1
09c534e7.json,1,claude3_5-langchain,|000000000000000000000000000000|000000001111100000000001111110|001111001444100111111001444410|001441111444111144441111444410|001441001444100144441001444410|001111001111100111111001111110|000000001111100000100001111110|000000000010000011110000001000|000011110111000014410000111100|000014411141000014410000144100|000011110111000000000000111100|000001000111000000000000111100|000011100000000000000000000000|000011100000000111110000000000|000011100000000188810111100000|000000000111000188811144100000|000000000141000188810111100000|000000000111000111110000000000|000000000010000010000000000000|000000000111111111111000000000|011101110144444444441000011110|014111410144444444441000016610|011101111144444444441000016610|000001110144444444441000011110|000000000111111111111000011110|000000000111111111111000000100|001111000000000000000000011110|001441001111000111100000014410|001441111441111144111111114410|001111001111000111100000011110|,2
0a1d4ef5.json,1,claude3_5-langchain,|233|471|462|,1
0a1d4ef5.json,1,claude3_5-langchain,|233|471|162|462|,2
0a2355a6.json,1,claude3_5-langchain,|00000000000000000|00111100000003330|00100100222003030|00111111202003330|00001010202003030|00001111222003030|00000000000033330|00000000000030030|00000000000033330|00444444000000000|00400004000000000|00400004005555555|00444444005005005|00000000005005005|00000000005555555|,1
0a2355a6.json,1,claude3_5-langchain,|00000000000000000|00111100000003330|00100100222003030|00111122202003330|00001020202003030|00001122222003030|00000000000033330|00000000000030030|00000000000033330|00444444000000000|00400004000000000|00400004005555555|00444444005005005|00000000005005005|00000000005555555|,2
0b17323b.json,1,claude3_5-langchain,|100000000000000|000000000000000|000000000000000|000100000000000|000000000000000|000000000000000|000000100000000|000000000000000|000000000000000|000000000200000|000000000000000|000000000000000|000000000000000|000000000000000|000000000000000|,1
0b17323b.json,1,claude3_5-langchain,|100000000000000|000000000000000|000000000000000|000100000000000|000000000000000|000000000000000|000000100000000|000000000000000|000000000000000|000000000200000|000000000000000|000000000000000|000000000000000|000000000000000|000000000000000|,2
0bb8deee.json,1,claude3_5-langchain,|022333|020033|202300|066040|606404|660040|,1
0bb8deee.json,1,claude3_5-langchain,|022333|020033|202300|066040|606404|660040|,2
0becf7df.json,1,claude3_5-langchain,|8900000000|2400099000|0009999000|0002999000|0002820000|0002280000|0002880000|0004880000|0000080000|0000000000|,1
0becf7df.json,1,claude3_5-langchain,|8900000000|2400099000|0002229000|0008229000|0008480000|0008840000|0008440000|0009440000|0000040000|0000000000|,2
0c786b71.json,1,claude3_5-langchain,|58555585|88777788|87855878|87855878|88777788|58555585|,1
0c786b71.json,1,claude3_5-langchain,|58555585|88777788|87588578|87588578|88777788|58555585|,2
0c9aba6e.json,1,claude3_5-langchain,|8880|8008|0880|8008|0800|8880|,1
0c9aba6e.json,1,claude3_5-langchain,|8880|8008|0880|8008|0800|8880|,2
0d87d2a6.json,1,claude3_5-langchain,|0000010001110000000000000|0000010001110000000222200|0000010001110000000222200|0000111001110111110222200|1111111111111111111111111|0000111001000111110000000|0000010001000111110000220|0000010001000111110000220|0000010001000000000000220|0000010001100000000000000|0111110001100000000000000|1111111111111111111111111|0111110001000000000000000|0111110001000000000000000|0000010001000000000000000|0000010001000000000000000|0000011111111100000002220|0000011111111100000002220|0000011111111100022002220|0000011111111100022000000|0000011111111100000000000|0000010000000000000000000|0000010000000000000000000|,1
0d87d2a6.json,1,claude3_5-langchain,|0000010001110000000000000|0000010001110000000222200|0000010001110000000222200|0000111001110111110222200|1111111111111111111111111|0000111000000111110000000|0000000000000111110000220|0000000000000111110000220|0000000000000000000000220|0000000002200000000000000|0111110002200000000000000|1111111111111111111111111|0111110000000000000000000|0111110000000000000000000|0000000000000000000000000|0000000000000000000000000|0000011111111100000002220|0000011111111100000002220|0000011111111100022002220|0000011111111100022000000|0000011111111100000000000|0000000000000000000000000|0000010000000000000000000|,2
0e671a1a.json,1,claude3_5-langchain,|0000000000000|0000000000000|0000000005400|0000000005500|0000000005500|0255555555500|0500000500000|0500000500000|0500000500000|0500000500000|0500000500000|0555555300000|0000000000000|,1
0e671a1a.json,1,claude3_5-langchain,|0000000000000|0000000000500|0000000000400|0000000000500|0000000000500|0255555555500|0500000500000|0500000500000|0500000500000|0500000500000|0500000500000|0500000300000|0000000000000|,2
0f63c0b9.json,1,claude3_5-langchain,|888888888888888|800000000000008|888888888888888|800000000000008|222222222222222|200000000000002|200000000000002|200000000000002|100000000000001|111111111111111|100000000000001|300000000000003|333333333333333|300000000000003|333333333333333|,1
0f63c0b9.json,1,claude3_5-langchain,|888888888888888|800000000000008|888888888888888|800000000000008|222222222222222|200000000000002|200000000000002|200000000000002|100000000000001|111111111111111|100000000000001|300000000000003|333333333333333|300000000000003|333333333333333|,2
103eff5b.json,1,claude3_5-langchain,|00000000000000000000000000|00000000000000000000000000|00000000000000000000000000|00111100000000000000000000|00111100000000000000000000|00111100000000000000000000|00111100000000000000004000|00000022222222000000004200|00000022222222000000030200|00000022222222000000000000|00000022222222000000000000|00333333330000000000000000|00333333330000000000000000|00333333330000000000000000|00333333330000000000000000|00000000000000000000000000|,1
103eff5b.json,1,claude3_5-langchain,|00000000000000000000000000|00000000000000000000000000|00000000000000000000000000|00111100000000000000000000|00111100000000000000000000|00111100000000000000000000|00111100000000000000004000|00000022222222000000004200|00000022222222000000030200|00000022222222000000000000|00000022222222000000000000|00333333330000000000000000|00333333330000000000000000|00333333330000000000000000|00333333330000000000000000|00000000000000000000000000|,2
11e1fe23.json,1,claude3_5-langchain,|00000000000000|00000000000000|00030000000800|00000000000000|00000308000000|00000050000000|00000000000000|00000000000000|00000000000000|00000000000000|00090000000000|00000000000000|,1
11e1fe23.json,1,claude3_5-langchain,|00000000000000|00000000000000|00030000000800|00000000000000|00000300080000|00000050500000|00000000000000|00000000000000|00000000000000|00000900000000|00090000000000|00000000000000|,2
12422b43.json,1,claude3_5-langchain,|5044400|5008000|5006000|0022000|0044400|0008000|0006000|0044400|0008000|0006000|,1
12422b43.json,1,claude3_5-langchain,|5044400|5008000|5006000|0022000|0044400|0008000|0006000|0022000|0044400|0008000|,2
12997ef3.json,1,claude3_5-langchain,|022088033066|220880330660|222888333666|,1
12997ef3.json,1,claude3_5-langchain,|022088033066|220880330660|222888333666|,2
12997ef3.json,2,claude3_5-langchain,|070|770|007|060|660|006|030|330|003|020|220|002|,1
12997ef3.json,2,claude3_5-langchain,|070|770|007|060|660|006|030|330|003|020|220|002|,2
12eac192.json,1,claude3_5-langchain,|03035503|33000330|07700003|33030300|03055503|03003003|30300033|00330303|,1
12eac192.json,1,claude3_5-langchain,|03033303|33000330|07700003|33030300|03033303|03003003|30300033|00330303|,2
136b0064.json,1,claude3_5-langchain,|0050000|0111000|0001110|0220000|0600000|0600000|3330000|0033300|0000600|0000600|0002200|0000000|0000000|0000000|0000000|0000000|0000000|0000000|0000000|,1
136b0064.json,1,claude3_5-langchain,|0050000|0111000|0001110|0022000|0060000|0060000|0333300|0600000|0600000|0220000|0000000|0000000|0000000|0000000|0000000|0000000|0000000|0000000|0000000|,2
13713586.json,1,claude3_5-langchain,|555555555555555555|000000000000000000|000000000000000000|000000000000000000|000000000000000000|000000000000008880|000000000000008880|444400000000008880|444400000000008880|444400000000008880|444400000000008880|444400002222208880|444400002222208880|444400002222208880|444400002222208880|443333333332208880|443333333330000000|443333333330000000|443333333330000000|,1
13713586.json,1,claude3_5-langchain,|555555555555555555|000000000000000000|000000000000000000|000000000000000000|000000000000000000|000000000000008888|000000000000008888|444400000000008888|444400000000008888|444400000000008888|444400000000008888|444400002222208888|444400002222208888|444400002222208888|444400002222208888|443333333332208888|443333333330008888|443333333330008888|443333333330008888|,2
137f0df0.json,1,claude3_5-langchain,|1111111111|0552255255|0552255255|1222222222|0552255255|0552255255|1222222222|0552255255|0552255255|0001100100|,1
137f0df0.json,1,claude3_5-langchain,|1111111111|0552255255|0552255255|1222222222|0552255255|0552255255|1222222222|0552255255|0552255255|0001100100|,2
140c817e.json,1,claude3_5-langchain,|88881881888881|88881881888831|88881832388811|88881811188811|88381818188811|11211111111111|88381818188811|88181818188811|88181818188811|88181818188811|88131318188811|11112111111111|88131318188811|88181818188812|,1
140c817e.json,1,claude3_5-langchain,|88881831388881|88881831388881|88881312138881|88881111118881|83131881818881|11211111111111|83131881818881|88181881818881|88181881818881|88181881818881|88131381818881|11112111111111|88131381818881|88181881818882|,2
14754a24.json,1,claude3_5-langchain,|0050055050505545005|0550542550550450550|5550554055055550505|5540000500050500055|5425550500550550500|5505000550545005055|0555505555442055000|5005555000020550050|0500000500500050505|0000500500500500550|0000550505050400050|5542555500504240505|5554000555055405555|0045000005050555555|5050050450055555005|5505505540055505055|5550555405505500550|5555000500505050500|0505550055500555555|,1
14754a24.json,1,claude3_5-langchain,|0050055050505545005|0550545550550450550|5550554055055550505|5540000500050500055|5455550500550550500|5505000550545005055|0555505555445055000|5005555000050550050|0500000500500050505|0000500500500500550|0000550505050400050|5542555500504240505|5554000555052405555|0045000005050555555|5050050450055555005|5505505540055505055|5550555405505500550|5555000500505050500|0505550055500555555|,2
15113be4.json,1,claude3_5-langchain,|70141004011401044444444|17040004001411140000774|01740004000411040000774|44444444444444447777774|00047004111470047777774|01041704011407147700004|10041074100401747700004|44444444444444444444444|10040014110411040014110|10041114000411041014100|00041004110410141004100|44444444444444444444444|10140004101411040004001|10040004001411141104000|01140104101400141004100|44444444444444444444444|00041104100400041004010|00140104100410041104100|11040004100410140004010|44444444444444444444444|01140014101401041104010|00041114111401141014110|00041014111400041004010|,1
15113be4.json,1,claude3_5-langchain,|70141004011401044444444|10040004001411140000774|01040004000411040000774|44444444444444447777774|00040004711400047777774|01041004071401147700004|10041014100401047700004|44444444444444444444444|10040014110411040014110|10041114000411041014100|00041004110410141004100|44444444444444444444444|10740004101411040004001|70040004001411141104000|07140104101400141004100|44444444444444444444444|00041104100400041004010|00140104100410041104100|11040004100410140004010|44444444444444444444444|01140014101401041104010|00041114111401141014110|00041014111400041004010|,2
15663ba9.json,1,claude3_5-langchain,|0000000000000000|0043400434000000|0420233203000000|0300000003000000|0300000003043340|0434004334030030|0003003000042030|0434004200003030|0300000300003030|0300233400434030|0433400000300030|0000000000300030|0004340000433340|0003030000000000|0004340000000000|,1
15663ba9.json,1,claude3_5-langchain,|0000000000000000|0043400434000000|0420233203000000|0300000003000000|0300000003043340|0434004334030030|0003003000042030|0434004200003030|0300000300003030|0300433400432030|0433400000300030|0000000000300030|0004340000433340|0003030000000000|0004340000000000|,2
15696249.json,1,claude3_5-langchain,|663663663|443443443|443443443|663663663|443443443|443443443|663663663|443443443|443443443|,1
15696249.json,1,claude3_5-langchain,|663663663|443443443|443443443|663663663|443443443|443443443|663663663|443443443|443443443|,2
16b78196.json,1,claude3_5-langchain,|000000000000000000000000000000|000000000000000000000000000000|000000000000000000000000000000|000000000000000000000000000000|000000000000000000000000000000|000000000000000000000000000000|000000000000000000000000000000|000000000000000000000000000000|000000000000000000000000000000|000000000000000000000000000000|000000000000000000000000000000|000000000000000000000000000000|000000000000000000000000000000|600000000000000000000000000000|660000000000000000000000000000|666000000000000000000000000000|666600000000000000000000000000|111100000000000000000000000000|111100000000000000000000000000|111100000000000000000000000000|111100000000000000000000000000|111100000000000000000000000000|111100000000000000000000000000|111100000000000000000000000000|111100000000000000000000000000|111100000000000000000000000000|111100000000000000000000000000|111100000000000000000000000000|111100000000000000000000000000|111100000000000000000000000000|,1
16b78196.json,1,claude3_5-langchain,|000000000000000000000000000000|000000000000000000000000000000|000000000000000000000000000000|000000000000000000000000000000|000000000000000000000000000000|000000000000000000000000000000|000000000000000000000000000000|000000000000000000000000000000|000000000000000000000000000000|000000000000000000000000000000|000000000000000000000000000000|000000000000000000000000000000|000000000000000000000000000000|000000000000000000000000000000|660000000000000000000000000000|666000000000000000000000000000|666600000000000000000000000000|666600000000000000000000000000|333300000000000000000000000000|333300000000000000000000000000|333330000000000000000000000000|333330000000000000000000000000|333330000000000000000000000000|333330000000000000000000000000|333330000000000000000000000000|333333000000000000000000000000|333333000000000000000000000000|333333000000000000000000000000|333333300000000000000000000000|333333300000000000000000000000|,2
17b80ad2.json,1,claude3_5-langchain,|00002309040003308|00302344040003300|00002301840093300|00002301840094900|00002301840094900|00067839131364407|00007839131364400|00007839131764400|00427819139764120|00027819139764120|00037813139762300|04047813139492300|00017813639492303|00017813639492303|00015513659492303|00015513559592100|00015513559592100|,1
17b80ad2.json,1,claude3_5-langchain,|00002309040003008|00302344040003008|00002301840093908|00002301840094908|00002301840094908|00062801131064407|00007831131364400|00007839130764400|00407819130764120|00027819130764120|00037819130764120|04047813139762300|00001813639492303|00001813639492303|00011513639492303|00001503530592100|00000500500500000|,2
17cae0c1.json,1,claude3_5-langchain,|111444777|111444777|111444777|,1
17cae0c1.json,1,claude3_5-langchain,|111333444|111333444|111333444|,2
18419cfa.json,1,claude3_5-langchain,|00000000000000000000000000|00000000000000000000888000|00000000000000000888808888|00088888888800000800000008|00080000000800000800000008|00880020020880000800000008|00800222220080000800000008|00880020020880000800020008|00080000000800000800222008|00088888888800000802000208|00000000000000000800222008|00000000000000000888808888|00000000000000000000888000|00000000000000000000000000|00000000008880000000000000|00000088888088888000000000|00000080000000008000000000|00000080020002008000000000|00000080002220008000000000|00000080020002008000000000|00000080020002008000000000|00000080002220008000000000|00000080020002008000000000|00000080000000008000000000|00000088888088888000000000|00000000008880000000000000|00000000000000000000000000|00000000000000000000000000|,1
18419cfa.json,1,claude3_5-langchain,|00000000000000000000000000|00000000000000000000888000|00000000000000000888808888|00088888888800000800000008|00080000000800000800000008|00880020020880000800000008|00800222220080000800000008|00880020020880000800020008|00080000000800000800222008|00088888888800000802000208|00000000000000000802000208|00000000000000000888808888|00000000000000000000888000|00000000000000000000000000|00000000008880000000000000|00000088888088888000000000|00000080000000008000000000|00000080020002008000000000|00000080002220008000000000|00000080020002008000000000|00000080020002008000000000|00000080002220008000000000|00000080020002008000000000|00000080000000008000000000|00000088888088888000000000|00000000008880000000000000|00000000000000000000000000|00000000000000000000000000|,2
184a9768.json,1,claude3_5-langchain,|00000000000000000000000000|00444444444444400000000000|00422224444244400000000000|00422224344444400888888880|00444444344444400888888880|00444444344444400888188880|00444444444444400888888880|00000000000000000844444480|00000000000000000888888480|00000000000000000888888480|00000000000000000888888480|00000000000000000881188480|00000044444400000881188880|00000000000000000881188880|00000000000000000881183380|00000001122221000881183380|00000001122221000881188880|00000001122221000888888880|00000000000000000888888880|00000000000000000000000000|00000110000000000000000000|00000110000000000000000000|00000110000000000000000000|00000000000000000000000000|00000000000000000000000000|,1
184a9768.json,1,claude3_5-langchain,|00000000000000000000000000|00444444444444400000000000|00422224444344400000000000|00422224144444400888888880|00444444144444400888888880|00444444144444400888488880|00444444444444400888888880|00000000000000000844444480|00000000000000000888888480|00000000000000000888888480|00000000000000000888888480|00000000000000000883388480|00000044444400000883388880|00000000000000000883388880|00000000000000000883381180|00000001100001000883381180|00000001100001000883388880|00000001100001000888888880|00000000000000000888888880|00000000000000000000000000|00000110000000000000000000|00000110000000000000000000|00000110000000000000000000|00000000000000000000000000|00000000000000000000000000|,2
195ba7dc.json,1,claude3_5-langchain,|110011|010011|111111|000110|011111|,1
195ba7dc.json,1,claude3_5-langchain,|110011|010011|111111|000110|011111|,2
1990f7a8.json,1,claude3_5-langchain,|2020200|0200220|2220202|0000000|2220222|2020202|2020202|,1
1990f7a8.json,1,claude3_5-langchain,|2020200|0200220|2220202|0000000|2220222|2020202|2020202|,2
19bb5feb.json,1,claude3_5-langchain,|26|13|,1
19bb5feb.json,1,claude3_5-langchain,|26|13|,2
1a2e2828.json,1,claude3_5-langchain,|7|,1
1a2e2828.json,1,claude3_5-langchain,|7|,2
1a6449f1.json,1,claude3_5-langchain,|09000003|00006730|80000003|03900067|00001000|01000800|00060003|00000500|,1
1a6449f1.json,1,claude3_5-langchain,|090000007|800006700|000000000|039000670|000010000|010008004|000600030|000005001|700004020|000005600|090000000|002020006|,2
1acc24af.json,1,claude3_5-langchain,|000000000000|000000000000|011100011100|010110010100|110011110111|000000000000|000000000000|000002000000|020022000050|022020022050|002020022050|000000000000|,1
1acc24af.json,1,claude3_5-langchain,|000000000000|000000000000|011100011100|010110010100|110011110111|000000000000|000000000000|000002000000|020022000050|022020022050|002020022050|000000000000|,2
1c02dbbe.json,1,claude3_5-langchain,|000000000000000|066666551111110|066666551111110|066666551111110|066666551111110|055555551111110|055555553333330|055555553333330|055555553333330|077775553333330|077775553333330|077775553333330|077775553333330|077775553333330|000000000000000|,1
1c02dbbe.json,1,claude3_5-langchain,|000000000000000|066666551111110|066666551111110|066666551111110|066666551111110|055555551111110|055555555555550|055555555555550|055555553333330|077775553333330|077775553333330|077775553333330|077775553333330|077775553333330|000000000000000|,2
1c0d0a4b.json,1,claude3_5-langchain,|0000000000000|0022002002020|0020000002000|0000002200200|0000000000000|0020002200000|0000020200200|0200002002020|0000000000000|0000002002200|0002000200000|0202020000220|0000000000000|,1
1c0d0a4b.json,1,claude3_5-langchain,|0000000000000|0022002002020|0020000002000|0000002200200|0000000000000|0020002200000|0000020200200|0200002002020|0000000000000|0000002002200|0002000200000|0202020000220|0000000000000|,2
1c56ad9f.json,1,claude3_5-langchain,|000000000000000|000777777700000|000070070070000|000007007007000|000070070070000|000700700700000|000070070070000|000007007007000|000070070070000|000700700700000|000070070070000|000007007007000|000070070070000|000777777700000|000000000000000|,1
1c56ad9f.json,1,claude3_5-langchain,|000000000000000|000777777700000|000070070070000|000007007007000|000070070070000|000700700700000|000070070070000|000007007007000|000070070070000|000700700700000|000070070070000|000007007007000|000070070070000|000777777700000|000000000000000|,2
1d0a4b61.json,1,claude3_5-langchain,|1111111111111111111111111|1281551821281551821281551|1521881251521881251521881|1111111111111111111111111|1851221581851221581851221|1851221581851221581851221|1111111111111111111111111|1521881251521881251521881|1281551821281551821281551|1111111111111111111111111|1281551821281551821281551|1521881251521881251521881|1111111111111111111111111|1851221581851221581851221|1851221581851221581851221|1111111111111111111111111|1521881251521881251521881|1281551821281551821281551|1111111111111111111111111|1281551821281551821281551|1521881251521881251521881|1111111111111111111111111|1851221581851221581851221|1851221581851221581851221|1111111111111111111111111|,1
1d0a4b61.json,1,claude3_5-langchain,|1111111111111111111111111|1281551821281551821281551|1521881251521881251521881|1111111111111111111111111|1851221581851221581851221|1851221581851221581851221|1111111111111111111111111|1521881251521881251521881|1281551821281551821281551|1111111111111111111111111|1281551821281551821281551|1521881251521881251521881|1111111111111111111111111|1851221581851221581851221|1851221581851221581851221|1111111111111111111111111|1521881251521881251521881|1281551821281551821281551|1111111111111111111111111|1281551821281551821281551|1521881251521881251521881|1111111111111111111111111|1851221581851221581851221|1851221581851221581851221|1111111111111111111111111|,2
1d398264.json,1,claude3_5-langchain,|060010100000|006010100000|000611000000|666671111111|000331000000|003030100000|030030010000|300030001000|000030000100|000030000010|000030000001|000030000000|,1
1d398264.json,1,claude3_5-langchain,|060010100000|006010100000|000611000000|666671111111|000331000000|003030100000|030030010000|300030001000|000030000100|000030000010|000030000001|000030000000|,2
1d398264.json,2,claude3_5-langchain,|0400200500000000|0040205000000000|0004250000000000|2222955555555555|0004110000000000|0040101000000000|0400100100000000|4000100010000000|0000100001000000|0000100000100000|0000100000010000|0000100000001000|0000100000000100|0000100000000010|0000100000000001|0000100000000000|,1
1d398264.json,2,claude3_5-langchain,|0400200500000000|0040205000000000|0004250000000000|2222955555555555|0004110000000000|0040101000000000|0400100100000000|4000100010000000|0000100001000000|0000100000100000|0000100000010000|0000100000001000|0000100000000100|0000100000000010|0000100000000001|0000100000000000|,2
1da012fc.json,1,claude3_5-langchain,|0000000000000000000000000|0001100001110000000000000|0011110010101000000000000|0001100000100000000000000|0000000000000000000000000|0000000000000000000000000|0000000000000000000000000|0000003330000000000000000|0000033033000000000000000|0000003330000000555555550|0000000000000000535554550|0000000000000000555555550|0000000000000000555555550|0004000000400400555855550|0044400004444440555555550|0004000000044000555555550|0000000000000000515556550|0000000000000000555555550|0000000000000000555555550|,1
1da012fc.json,1,claude3_5-langchain,|0000000000000000000000000|0001100001110000000000000|0011110010101000000000000|0001100000100000000000000|0000000000000000000000000|0000000000000000000000000|0000000000000000000000000|0000003330000000000000000|0000033033000000000000000|0000003330000000555555550|0000000000000000535554550|0000000000000000555555550|0000000000000000555555550|0004000000400400555855550|0044400004444440555555550|0004000000044000555555550|0000000000000000515556550|0000000000000000555555550|0000000000000000555555550|,2
1e81d6f9.json,1,claude3_5-langchain,|000500000000000|010500001000000|000503000080007|555500600000000|000000000400620|000000900030000|000108700000030|000070072000000|000004100066000|000000008000000|000000000009000|000000009000000|000000000000020|000100000000000|000090000007000|,1
1e81d6f9.json,1,claude3_5-langchain,|000500000000000|010500001000000|000503000080007|555500600000000|000000000400620|000000900030000|000108700000030|000070072000000|000004100066000|000000008000000|000000000009000|000000009000000|000000000000020|000100000000000|000090000007000|,2
1e97544e.json,1,claude3_5-langchain,|23456789123456789123456|33456789123456789123456|34456789123456789123456|34556789123456789123456|34566789123456789123456|34567789123456789123456|34567889123456789123456|34567899123456789123456|34567891123456789123456|34567891223456789123456|34567891233456789123456|34567891234456789123456|34567891234556789123456|34567891234566789123456|34567891234567789123456|34567891234567889123456|34567891234567899123456|34567891234567891123456|34567891234567891223456|34567891234567891233456|34567891234567891234456|34567891234567891234556|34567891234567891234566|,1
1e97544e.json,1,claude3_5-langchain,|23456789123456789123456|33456789123456789123456|34456789123456789123456|34556789123456789123456|34566789123456789123456|34567789123456789123456|34567889123456789123456|34567899123456789123456|34567891123456789123456|34567891223456789123456|34567891233456789123456|34567891234456789123456|34567891234556789123456|34567891234566789123456|34567891234567789123456|34567891234567889123456|34567891234567899123456|34567891234567891123456|34567891234567891223456|34567891234567891233456|34567891234567891234456|34567891234567891234556|34567891234567891234566|,2
2037f2c7.json,1,claude3_5-langchain,|808088|088800|888888|000000|,1
2037f2c7.json,1,claude3_5-langchain,|8880888|0080000|8888888|,2
2072aba6.json,1,claude3_5-langchain,|000000|000000|001200|002100|121212|212121|,1
2072aba6.json,1,claude3_5-langchain,|000000|000000|001200|002100|121212|212121|,2
20818e16.json,1,claude3_5-langchain,|888663333|888663333|333322222|333322222|222222222|222222222|222222222|222222222|,1
20818e16.json,1,claude3_5-langchain,|888663322|888333322|333333322|333333322|222222222|222222222|,2
20981f0e.json,1,claude3_5-langchain,|0000000000000|0020000200002|0000000000000|0000000000000|0000110001100|0000110001000|0020000200002|0000000000000|0000110000110|0000110000100|0000000000000|0020000200002|0000000000000|0000110001100|0000110001000|0000000000000|0020000200002|,1
20981f0e.json,1,claude3_5-langchain,|0000000000000|0020000200002|0000000000000|0000000000000|0001100001100|0001100001100|0020000200002|0000000000000|0000110001110|0000110001110|0000000000000|0020000200002|0000000000000|0000110001100|0000110001000|0000000000000|0020000200002|,2
212895b5.json,1,claude3_5-langchain,|00050000000000000000002|00500000000000000000020|00500050000000550000205|00050000005505000002000|00000000000000055020055|00000088800000000255000|00000488840000002000000|00000488840500020005000|00000404040000500050050|00505444440000050050050|00000000000505000000000|00505500500000000055050|00000000050000000000000|00000050000005000005000|50005055000050000000500|00500000000050500500005|05200000000000005000550|52005050000000500000000|20000000050000000000005|00000005000000000050000|00000000000000005000000|,1
212895b5.json,1,claude3_5-langchain,|00050000000000000000000|00520000000000000000000|00500050000000550000005|00050000005505220000000|00000000000000055000055|00000088800000000055000|00000488840000000000000|00000488840500000005000|00000444442000500050050|00505020000000050050050|00000002000505000000000|00505500500000000055050|00000000050000000000000|00000050000005000005000|50005055000050000000500|20500000000050500500005|05200000000000005000550|52005050000000500000000|00000000050000000000005|00000005000000000050000|00000000000000005000000|,2
21f83797.json,1,claude3_5-langchain,|0000200002000|0000200002000|0000200002000|0000200002000|2222222222222|0000211112000|0000211112000|0000211112000|0000211112000|0000211112000|2222222222222|0000200002000|0000200002000|,1
21f83797.json,1,claude3_5-langchain,|0000200002000|0000200002000|0000200002000|0000200002000|2222222222222|0000211112000|0000211112000|0000211112000|0000211112000|0000211112000|2222222222222|0000200002000|0000200002000|,2
22a4bbc2.json,1,claude3_5-langchain,|8880|0111|0220|2222|8880|8880|0111|0220|0220|2222|2222|8888|2200|0888|2220|8888|0220|0220|8888|8888|0111|0111|,1
22a4bbc2.json,1,claude3_5-langchain,|8880|0111|0220|2222|2220|2220|0111|0220|0220|2222|2222|8888|1100|0888|2220|8888|0220|0220|8888|8888|0111|0111|,2
25094a63.json,1,claude3_5-langchain,|683338183881631231113122682386|166881336388211368831218238882|883631683863128182134444444836|131281822213183631134444444263|812386444444444413814444448368|613186444444444411316444446283|333383444444444413116244444413|331321444444444481132632144428|183283444444444468882831336131|812316444444444438661383328881|331128444444444438181862811163|611216832281638263213361286222|132812881322223338321166383316|812631328133818366831813323363|881328112121811333888333186113|683281311311838833363331363286|381182332816166863183888116331|881236331883368181223838826861|318233633631131181318281121338|888128831133336333333138288128|683812838318331333333828883311|816312881138238333333383833131|212218631388822333333881311326|113663228263862333333311338333|136183213313838333333383833812|883882222886833333333221618686|331118833328233333688228112188|663336338888136833811161262638|128321333313866181621633383818|862638288311611218121318363338|,1
25094a63.json,1,claude3_5-langchain,|683338183881631231113122682386|166881336388211368831218238882|883631683863128182134444444836|131281822213183631134444444263|812384444444444413811111118368|613184444444444411316111116283|333384444444444413116288888813|331324444444444481132632188828|183284444444444468882831336131|812314444444444438661383328881|331124444444444438181862811163|611216832281638263213361286222|132812881322223338321166383316|812631328133818366831813323363|881328112121811333888333186113|683281311311838833363331363286|381182332816166863183888116331|881236331883368181223838826861|318233633631131181318281121338|888128831133336333333138288128|683812838318331333333828883311|816312881138238333333383833131|212218631388822333333881311326|113663228263862333333311338333|136183213313838333333383833812|883882222886833333333221618686|331118833328233333688228112188|663336338888136833811161262638|128321333313866181621633383818|862638288311611218121318363338|,2
2546ccf6.json,1,claude3_5-langchain,|00000800000800000800000|00000800000800000800000|00200800200800000800000|00222822200800000800000|00020802000800000800000|88888888888888888888888|00020802000800000800000|00222822200800000800000|00200800200800110800000|00000800000800101800000|00000800000800010800000|88888888888888888888888|00000800000800010801000|00000800000800101810100|00000800000800110801100|00444844400800000800000|00040804000800000800000|88888888888888888888888|00040804000800000800000|00444844400800000800000|00000800000800000800000|00000800000800000800000|00000800000800000800000|88888888888888888888888|00000800000800000800000|00000800000800000800000|,1
2546ccf6.json,1,claude3_5-langchain,|00000800000800000800000|00000800000800000800000|00200800200800000800000|00222822200800000800000|00020802000800000800000|88888888888888888888888|00020802000800000800000|00222822200800000800000|00200800200800110800000|00000800000800101800000|00000800000800010800000|88888888888888888888888|00000800000800010801000|00000800000800101810100|00000800000800110801100|00444844400800000800000|00040804000800000800000|88888888888888888888888|00040804000800000800000|00444844400800000800000|00000800000800000800000|00000800000800000800000|00000800000800000800000|88888888888888888888888|00000800000800000800000|00000800000800000800000|,2
256b0a75.json,1,claude3_5-langchain,|77777777999999932222222266|77777777999999932222222266|77779777999999932222222266|77779777999999932222222266|77779777999949932222212266|77779777999949932222212266|77779727999949932222212266|77779727997949939222212266|88888888888886688888888888|88888883333333688898888888|33333383333333688897888888|33333383333333688897888888|33333383333333688897888888|33333383333333888897888888|33333388888888888897888888|33333333343333323397333333|33333333343333323397333333|33333333343333323397333333|33333333343333323397333333|33133335343333323397333333|33133335343333323797333333|33133335343333323797339333|33133335343333323797339333|33133335343333323797339333|,1
256b0a75.json,1,claude3_5-langchain,|77777777977777732222222266|77777777977777732222222266|77779777977777732222222266|77779777977777732222222266|77779777977747732222212266|77779777977747732222212266|77779777977747732222212266|77779727977747732222212266|77777777777777779777777777|88888888888886688888888888|88888883333333688898888888|88838883333333688897888888|88838883333333688897888888|88838883333333688897888888|88838883333333888897888888|88838888888888888897888888|77777777747777777797777777|77777777747777777797777777|77777777747777777797777777|77777777747777727797777777|77177775747777727797777777|77177775747777727797777777|77177775747777727797779777|77177775747777727797779777|77177775747777727797779777|,2
2685904e.json,1,claude3_5-langchain,|8800000000|0000000000|0060600009|0060600009|0060600009|0060600009|5555555555|0000000000|2364624439|0000000000|,1
2685904e.json,1,claude3_5-langchain,|8800000000|0000000000|0064604409|0064604409|0064604409|0064604409|5555555555|0000000000|2364624439|0000000000|,2
2697da3f.json,1,claude3_5-langchain,|0000040004000000000|0000040004000000000|0000044044000000000|0040444044404000000|0044004040044000000|0400040004000400000|0044004040044000000|0040444044404000000|0000044044000000000|0000040004000000000|0000040004000000000|0000040004000000000|0000040004000000000|0000044044000000000|0000004440000000000|0000044044000000000|0000040004000000000|0000040004000000000|0000040004000000000|,1
2697da3f.json,1,claude3_5-langchain,|00000040444000000|00000044004000000|00000400040000000|00000044004000000|00000040444000000|00404440004440400|00440040004004400|04000400000400040|00440040004004400|00404440004440400|00000040444000000|00000044004000000|00000400040000000|00000044004000000|00000040444000000|00000000000000000|00000000000000000|,2
2753e76c.json,1,claude3_5-langchain,|3333|0444|0088|0003|,1
2753e76c.json,1,claude3_5-langchain,|3333|0444|0088|0003|,2
27a77e38.json,1,claude3_5-langchain,|912849821|443127679|216978436|986342917|555555555|000000000|000000000|000000000|000090000|,1
27a77e38.json,1,claude3_5-langchain,|912849821|443127679|216978436|986342917|555555555|000000000|000000000|000000000|000090000|,2
27f8ce4f.json,1,claude3_5-langchain,|967967000|877877000|287287000|000967000|000877000|000287000|000000967|000000877|000000287|,1
27f8ce4f.json,1,claude3_5-langchain,|967967000|877877000|287287000|967000000|877000000|287000000|000000967|000000877|000000287|,2
281123b4.json,1,claude3_5-langchain,|9550|9999|8549|9994|,1
281123b4.json,1,claude3_5-langchain,|9550|9999|8509|9994|,2
292dd178.json,1,claude3_5-langchain,|444444444444444|444444441111444|412114441222222|412214441221444|412214441111444|411114444444444|444444411114444|444444412214444|444444412214444|444444412114444|444444442444444|,1
292dd178.json,1,claude3_5-langchain,|444444444444444|444444441111444|412114441222222|412214441221444|412214441111444|411114444444444|444444411114444|444444412214444|444444412214444|444444412114444|444444442444444|,2
29700607.json,1,claude3_5-langchain,|00048500000|00048500000|00048500000|00048500000|00048500000|00048500000|00048500000|44448500000|00008500000|00008555555|00008000000|,1
29700607.json,1,claude3_5-langchain,|00048500000|00048500000|00048500000|00048500000|00048500000|00048500000|00048500000|44448500000|00008500000|00008555555|00008000000|,2
2a5f8217.json,1,claude3_5-langchain,|0000008800000|0060088802200|0666008022200|0000000002000|0000008000000|0040088800000|0440008000020|0040000000222|0000006000000|0000066000060|0060006000666|8060000000060|8000000000000|,1
2a5f8217.json,1,claude3_5-langchain,|0000008800000|0060088802200|0666008022200|0000000002000|0000006000000|0040066600000|0440006000020|0040000000222|0000004000000|0000044000060|0040004000666|8040000000060|8000000000000|,2
2b01abd0.json,1,claude3_5-langchain,|0000000010000000|0000000010000000|0000000010000000|0003003010020020|0004444010088880|0003003010020020|0044400010088800|0000000010000000|0000000010000000|0000000010000000|0000000010000000|0000000010000000|0000000010000000|0000000010000000|,1
2b01abd0.json,1,claude3_5-langchain,|0000000010000000|0000000010000000|0000000010000000|0003003010020020|0004444010088880|0003003010020020|0044400010088800|0000000010000000|0000000010000000|0000000010000000|0000000010000000|0000000010000000|0000000010000000|0000000010000000|,2
2c0b0aff.json,1,claude3_5-langchain,|3888883888|8838833388|8333883838|8838888333|8888388838|8383338888|3338388883|8388888388|,1
2c0b0aff.json,1,claude3_5-langchain,|3888883888|8838833388|8333883838|8838888333|8888388838|8383338888|3338388883|8388888388|,2
2c737e39.json,1,claude3_5-langchain,|0000000000|0000000000|0000005000|0000022330|0000010330|0000000000|0000000000|0000000000|0005000000|0223300000|0103388000|,1
2c737e39.json,1,claude3_5-langchain,|0000000000|0000000000|0000005000|0000022300|0000010330|0000000000|0000000000|0000000000|0005000000|0223300000|0103388000|,2
2f0c5170.json,1,claude3_5-langchain,|0000000|0440440|0042400|0444440|0000000|0000000|0000000|0002000|0000000|,1
2f0c5170.json,1,claude3_5-langchain,|0000000|4404400|0424000|4444400|0000000|0000000|0000000|0002000|0000000|,2
310f3251.json,1,claude3_5-langchain,|020002000200|004000400040|200020002000|400040004000|020002000200|004000400040|200020002000|400040004000|020002000200|004000400040|200020002000|400040004000|,1
310f3251.json,1,claude3_5-langchain,|020002000200|004000400040|200020002000|400040004000|020002000200|004000400040|200020002000|400040004000|020002000200|004000400040|200020002000|400040004000|,2
3194b014.json,1,claude3_5-langchain,|555|555|555|,1
3194b014.json,1,claude3_5-langchain,|333|333|333|,2
319f2597.json,1,claude3_5-langchain,|45759231786942425127|91755127191748472958|91869476955581484785|42955282779614983392|19238431134635112646|14356111167395835629|77192469155852224212|29612948278257322477|42668921324583748521|32489895216812579185|13727352393272179857|16466559232467399966|86522321496949771593|37759874229500867667|69563757989500423326|28535671474400134447|78479578746800314197|45994557985800283724|16143654174700595499|29267899645800436395|,1
319f2597.json,1,claude3_5-langchain,|45759231786942425127|91755127191748472958|91869476955581484785|42955282779614983392|19238431134635112646|14356111167395835629|77192469155852224212|29612948278257322477|42668921324583748521|32489895216812579185|13727352393272179857|16466559232467399966|86522321496949771593|37759874229500867667|69563757989500423326|28535671474400134447|78479578746800314197|45994557985800283724|16143654174700595499|29267899645800436395|,2
31adaf00.json,1,claude3_5-langchain,|5000515050|5005055000|5505500550|5111000500|5111550005|0111005500|0055005500|5050505015|0550500555|0005550000|,1
31adaf00.json,1,claude3_5-langchain,|5111505050|5115055000|5505500550|5000000511|5000550015|1100005511|1155005511|5050505005|0550500555|0005550000|,2
31d5ba1a.json,1,claude3_5-langchain,|00606|66600|60060|,1
31d5ba1a.json,1,claude3_5-langchain,|00606|66600|60066|,2
31d5ba1a.json,2,claude3_5-langchain,|60060|66606|00060|,1
31d5ba1a.json,2,claude3_5-langchain,|60060|66006|00600|,2
32e9702f.json,1,claude3_5-langchain,|5666665555|5555555555|5555566555|5555555555|6665555555|5555555555|5555555555|5556666665|5555555555|5555555555|,1
32e9702f.json,1,claude3_5-langchain,|5666665555|5555555555|5555566555|5555555555|6665555555|5555555555|5555555555|5556666665|5555555555|5555555555|,2
332efdb3.json,1,claude3_5-langchain,|11111111111|10101010101|11111111111|10101010101|11111111111|10101010101|11111111111|10101010101|11111111111|10101010101|11111111111|,1
332efdb3.json,1,claude3_5-langchain,|11111111111|10101010101|11111111111|10101010101|11111111111|10101010101|11111111111|10101010101|11111111111|10101010101|11111111111|,2
3391f8c0.json,1,claude3_5-langchain,|00000000000000|00606006060000|00060000600000|00666006660000|00000000000000|00555006060000|00505000600000|00005006660000|00000000000000|00000000000000|00000000000000|,1
3391f8c0.json,1,claude3_5-langchain,|00000000000000|00606006060000|00060000600000|00666006660000|00000000000000|00555006060000|00505000600000|00005006660000|00000000000000|00000000000000|00000000000000|,2
33b52de3.json,1,claude3_5-langchain,|00000000000000000000000|00000002220111044408880|02122002020101040408080|08144002020101040408080|03144000000000000000000|08131001110222033304440|08111001010202030304040|00000001010202030304040|00000000000000000000000|00000002220333011104440|00000002020303010104040|00000002020303010104040|00000000000000000000000|00000003330111022208880|00000003030101020208080|00000003030101020208080|00000000000000000000000|00000004440888033301110|00000004040808030301010|00000004040808030301010|00000000000000000000000|00000000000000000000000|00000000000000000000000|,1
33b52de3.json,1,claude3_5-langchain,|00000000000000000000000|00000002220111044408880|02122002020101040408080|08144002020101040408080|03144000000000000000000|08131001110222033304440|08111001010202030304040|00000001010202030304040|00000000000000000000000|00000008880111022203330|00000008080101020203030|00000008080101020203030|00000000000000000000000|00000003330444011102220|00000003030404010102020|00000003030404010102020|00000000000000000000000|00000004440333088801110|00000004040303080801010|00000004040303080801010|00000000000000000000000|00000000000000000000000|00000000000000000000000|,2
3490cc26.json,1,claude3_5-langchain,|00000000000000000000000|00000000000000000000000|00000000000000000000000|00002277777887777778800|00002277777887777778800|00000000000770000007700|08800000000770000007700|08800000000770000007700|07700008877880000007700|07700008877880000007700|07700007700770000007700|07700007700770000007700|07700007700777788007700|07700007700777788007700|07778878800770077007700|07778878800770077007700|07707707700770077008800|07707707700770077008800|07707707700770077000000|07778877777778877000000|07778877777778877000000|00000000000000000000000|,1
3490cc26.json,1,claude3_5-langchain,|00000000000000000000000|00000000000000000000000|00000000000000000000000|00002277777887777778800|00002277777887777778800|00000000000770000007700|08877777777770000007700|08877777777770000007700|07700008877880000007700|07700008877880000007700|07700007700770000007700|07700007700770000007700|07700007700777788007700|07700007700777788007700|07778878800770077007700|07778878800770077007700|07707707700770077008800|07707707700770077008800|07707707700770077000000|07778877777778877000000|07778877777778877000000|00000000000000000000000|,2
34b99a2b.json,1,claude3_5-langchain,|2220|2220|2020|2220|2222|,1
34b99a2b.json,1,claude3_5-langchain,|2220|2220|2020|2220|2222|,2
351d6448.json,1,claude3_5-langchain,|0030002000200|0333322202220|3333332222222|,1
351d6448.json,1,claude3_5-langchain,|0030002000200|0333322202220|3333332222222|,2
358ba94e.json,1,claude3_5-langchain,|11111|10101|11111|10111|11111|,1
358ba94e.json,1,claude3_5-langchain,|11111|10101|11111|10111|11111|,2
37d3e8b2.json,1,claude3_5-langchain,|002222200000000000|002020203333333000|002022203033003000|002222203333003000|000000003003333000|000000003333333000|001111000000000000|001001000022222220|001111000020022220|000000000022220020|000000000022220020|077777770020222220|070077770020222220|070077770022200220|077770770022200220|077777770022222220|000000000000000000|,1
37d3e8b2.json,1,claude3_5-langchain,|001111100000000000|001010102222222000|001011102022002000|001111102222002000|000000002002222000|000000002222222000|001111000000000000|001001000033333330|001111000030033330|000000000033330030|000000000033330030|022222220030333330|020022220030333330|020022220033300330|022220220033300330|022222220033333330|000000000000000000|,2
3979b1a8.json,1,claude3_5-langchain,|5111559159|1191159159|1999159159|1191159159|5111559159|5555599159|9999991159|1111111559|5555555599|9999999991|,1
3979b1a8.json,1,claude3_5-langchain,|5111559159|1191159159|1999159159|1191159159|5111559159|5555599159|9999991159|1111111559|5555555599|9999999991|,2
3a301edc.json,1,claude3_5-langchain,|000000000000000000000|000000000000000000000|000000000000000000000|000088888888800000000|000088888888800000000|000088888888800000000|000083333338800000000|000083888838800000000|000083888838800000000|000083888838800000000|000083888838800000000|000083333338800000000|000088888888800000000|000088888888800000000|000088888888800000000|000000000000000000000|000000000000000000000|000000000000000000000|000000000000000000000|000000000000000000000|000000000000000000000|,1
3a301edc.json,1,claude3_5-langchain,|000000000000000000000|000000000000000000000|000000000000000000000|000000000000000000000|000088888888800000000|000088888888800000000|000083333338800000000|000083888838800000000|000083888838800000000|000083888838800000000|000083888838800000000|000083333338800000000|000088888888800000000|000088888888800000000|000000000000000000000|000000000000000000000|000000000000000000000|000000000000000000000|000000000000000000000|000000000000000000000|000000000000000000000|,2
3b4c2228.json,1,claude3_5-langchain,|100|010|001|,1
3b4c2228.json,1,claude3_5-langchain,|100|010|001|,2
3b4c2228.json,2,claude3_5-langchain,|100|010|001|,1
3b4c2228.json,2,claude3_5-langchain,|100|010|001|000|,2
3d31c5b3.json,1,claude3_5-langchain,|525485|258485|555424|,1
3d31c5b3.json,1,claude3_5-langchain,|585425|250485|555422|,2
3ed85e70.json,1,claude3_5-langchain,|000000000000000000000000000000|008800000000000000000000000000|008200000000001110000000000000|000000000000001210000011000000|000000000000001110000011000000|000000000000000000000000000000|000000000000000000000000004400|000000000660000000000000004400|000000000660000000088800000000|000000000000000000082800000000|000000000000000000088800000000|000006000000000000000000000000|000000000000000000000000112000|000000000000000000000000121000|000000000000000220000000211000|000000000000000220000000000000|000000000000000000000000000000|000000000000000000000000000000|000007000000000000000066000000|000000000000000000000066000000|000000000000000000000000000000|000000000000000000000000000000|333333333333333333333333333333|333883333333333333333333333333|333822333333112333333333333333|333322833333161333333314333333|333338833333211333333341333333|333333333333333333333333333333|333333333333333333333333333333|333333333333333333333333333333|,1
3ed85e70.json,1,claude3_5-langchain,|000000000000000000000000000000|008800000000000000000000000000|008200000000001110000000000000|000000000000001210000011000000|000000000000001110000011000000|000000000000000000000000000000|000000000000000000000000004400|000000000660000000000000004400|000000000660000000088800000000|000000000000000000082800000000|000000000000000000088800000000|000006600000000000000000000000|000006600000000000000000111000|000000000000000000000000121000|000000000000000220000000111000|000000000000000220000000000000|000000000000000000000000000000|000000000000000000000000000000|000007700000000000000066000000|000007700000000000000066000000|000000000000000000000000000000|000000000000000000000000000000|333333333333333333333333333333|333883333333333333333333333333|333822333333111333333333333333|333322833333161333333314333333|333338833333111333333341333333|333333333333333333333333333333|333333333333333333333333333333|333333333333333333333333333333|,2
3ee1011a.json,1,claude3_5-langchain,|6666666|6377736|6378736|6378736|6378736|6377736|6666666|,1
3ee1011a.json,1,claude3_5-langchain,|6666666|6377736|6378736|6378736|6378736|6378736|6666666|,2
3f23242b.json,1,claude3_5-langchain,|0000000000000000000|0005555500000000000|0002050200000000000|0002030200000000000|0002000200000000000|2228888822222222222|0000000000000000000|0000000005555500000|0000000002050200000|0000000002030200000|0000000002000200000|2222222228888822222|0000055555000000000|0000020502000000000|0000020302000000000|0000020002000000000|2222288888222222222|,1
3f23242b.json,1,claude3_5-langchain,|0000000000000000000|0005555500000000000|0002050200000000000|0002030200000000000|0002000200000000000|2228888822222222222|0000000000000000000|0000000005555500000|0000000002030200000|0000000002000200000|0000000002000200000|2222222228888822222|0000555550000000000|0000203020000000000|0000200020000000000|0000200020000000000|2222888882222222222|,2
40f6cd08.json,1,claude3_5-langchain,|000000000000000000000000000000|001122844482211000000000000000|001122844482211000000000000000|001122844482211000111111111110|001122844482211000111111111110|001122844482211000112222221110|001122844482211000112888821110|001122844482211000112844821110|001122844482211000112844821110|001122844482211000112888821110|001122844482211000112222221110|000000000000000000111111111110|000000000000000000111111111110|000000000000000000111111111110|001111111111111100111111111110|001111111111111100111111111110|001122222222211100111111111110|001128888888211100111111111110|001128444448211100000000000000|001128444448211100000000000000|001128444448211100000000000000|001128444448211100000000000000|001128444448211100000000000000|001128888888211100000000000000|001122222222211100000000000000|001111111111111100000000000000|000000000000000000000000000000|000000000000000000000000000000|000000000000000000000000000000|000000000000000000000000000000|,1
40f6cd08.json,1,claude3_5-langchain,|000000000000000000000000000000|001122844482211000000000000000|001122844482211000000000000000|001122844482211000111111111110|001122844482211000111111111110|001122844482211000112222222110|001122844482211000112888882110|001122844482211000112844482110|001122844482211000112844482110|001122844482211000112844482110|001122844482211000112222222110|000000000000000000111111111110|000000000000000000111111111110|000000000000000000111111111110|001111111111111100111111111110|001111111111111100111111111110|001122222222211100111111111110|001128888888211100111111111110|001128444448211100000000000000|001128444448211100000000000000|001128444448211100000000000000|001128444448211100000000000000|001128444448211100000000000000|001128888888211100000000000000|001122222222211100000000000000|001111111111111100000000000000|000000000000000000000000000000|000000000000000000000000000000|000000000000000000000000000000|000000000000000000000000000000|,2
414297c0.json,1,claude3_5-langchain,|444444444444444|444244444444444|442724444444224|442244444442624|444444444444424|444424444444444|444212444444444|444424444444444|442444444644444|434444444444484|444444444442244|444444444444824|444444224444224|444442324444444|444442244444444|,1
414297c0.json,1,claude3_5-langchain,|4444444444444444|4442444444444444|4441444444444744|4444444444644444|4344444444444484|2724444444444444|2244444444422444|4444444444232824|4442124444224224|4444244444444444|,2
423a55dc.json,1,claude3_5-langchain,|0000000000000|0000000000000|0000000000000|7770000000000|0777070000000|0070007000000|0007700700000|0000700770000|0000070007000|0000007777700|0000000000000|,1
423a55dc.json,1,claude3_5-langchain,|0000000000000|0000000000000|0000000000000|7770000000000|0777000000000|0070000000000|0077000000000|0007007700000|0000700070000|0000077777000|0000000000000|,2
42918530.json,1,claude3_5-langchain,|0000000000000000000000000|0111110888880333330777770|0101010808080300330707070|0111010888080303030777070|0100010808080330030707070|0111110888880333330777770|0000000000000000000000000|0666660222220111110222220|0606060202020101010202020|0606660222020111010222020|0600060202020100010200020|0666660222220111110222220|0000000000000000000000000|0888880444440333330222220|0808080404040303030202020|0888080444040333030222020|0800080400040300030200020|0888880444440333330222220|0000000000000000000000000|0222220888880222220666660|0202020808080202020606060|0222020888080222020666060|0200020800080200020600060|0222220888880222220666660|0000000000000000000000000|,1
42918530.json,1,claude3_5-langchain,|0000000000000000000000000|0111110888880333330777770|0101010808080300330707070|0111010888080303030777070|0100010808080330030707070|0111110888880333330777770|0000000000000000000000000|0666660222220111110222220|0606060202020101010202020|0606660222020111010222020|0600060202020100010200020|0666660222220111110222220|0000000000000000000000000|0888880444440333330222220|0808080404040303030202020|0888080444040333030222020|0800080400040300030200020|0888880444440333330222220|0000000000000000000000000|0222220888880222220666660|0202020808080202020606060|0222020888080222020666060|0200020800080200020600060|0222220888880222220666660|0000000000000000000000000|,2
42a15761.json,1,claude3_5-langchain,|2220222022202220222|2220222022202020202|2220222022202220222|2220222020202020202|2220222022202220222|2220202020202020202|2220222022202220222|2220222020202020202|2220222022202220222|2220202020202220202|2220222022202220222|,1
42a15761.json,1,claude3_5-langchain,|2220222022202220222|2220222022202020202|2220222022202220222|2220222020202020202|2220222022202220222|2220202020202020202|2220222022202220222|2220222020202020202|2220222022202220222|2220202020202220202|2220222022202220222|,2
4364c1c4.json,1,claude3_5-langchain,|8888888888888|8188188888888|8111188888888|8111188888888|8222288888888|8888888888888|8888888888888|8888888888888|8888888888888|8888822288888|8888822288888|8888888444888|8888888484888|8888888888888|,1
4364c1c4.json,1,claude3_5-langchain,|8888888888888|8188188888888|8111188888888|8111188888888|8222288888888|8888888888888|8888888888888|8888888888888|8888888888888|8888822288888|8888822288888|8888884448888|8888884848888|8888888888888|,2
456873bc.json,1,claude3_5-langchain,|8228082280822808228|2000020000200002000|2002020020200202002|2022020220202202022|0000000000000000000|8228000000000000000|2000000000000000000|2002000000000000000|2022000000000000000|0000000000000000000|0000002220022200222|0000002000020000200|0000022200222002220|0000022000220002200|0000000000000000000|8228000000822808228|2000000000200002000|2002000000200202002|2022000000202202022|,1
456873bc.json,1,claude3_5-langchain,|8228028280282802828|2000020000200002000|2002020020200202002|2022020220202202022|0000000000000000000|8228000000000000000|2000000000000000000|2002000000000000000|2022000000000000000|0000000000000000000|0000000000000002222|0000000000000002000|0000000000000002002|0000000000000002022|0000000000000000000|8228000000282802828|2000000000200002000|2002000000200202002|2022000000202202022|,2
45737921.json,1,claude3_5-langchain,|000000000|023300000|022300000|023300000|000001110|000006660|000006110|000000000|,1
45737921.json,1,claude3_5-langchain,|000000000|023300000|022300000|023300000|000001110|000006660|000006110|000000000|,2
45bbe264.json,1,claude3_5-langchain,|000800100040000|000800100040000|888888288828888|000800100040000|000800100040000|000800100040000|444244244444444|000800100040000|000800100040000|000800100040000|000800100040000|000800100040000|111211111121111|000800100040000|000800100040000|,1
45bbe264.json,1,claude3_5-langchain,|000800100040000|000800100040000|888888288828888|000800100040000|000800100040000|000800100040000|444244244444444|000800100040000|000800100040000|000800100040000|000800100040000|000800100040000|111211111121111|000800100040000|000800100040000|,2
477d2879.json,1,claude3_5-langchain,|5553377777777|5553778888877|5533778666877|3337778866887|7777777866687|7777777868687|7777777866687|7777788866667|7777784444487|4444444444447|4444444444447|4444444444447|4444444444447|,1
477d2879.json,1,claude3_5-langchain,|5553333333333|5553337777733|5533337888733|3333337788773|7773333788873|7773333788873|7773333788873|7773366688863|7773364444463|4444444444443|4444444444443|4444444444443|4444444444443|,2
47996f11.json,1,claude3_5-langchain,|544811558383158558383158551184|488811585373158588837315851188|485255221881231223881231225525|882558233828817338288173328552|115512438927883839278838342155|115822343572288345722883432285|552243778838954334598388773422|582334778288593333958828774332|851383882157452222547512883831|513738821571552992551751288373|132188385799225555229975838812|371882887194295555924917882881|838872954522435775342254592788|388227595529317337139255957228|883895432255571771755522345983|828859532255737117375592359588|828859532255737117375592359588|883895432255571771755522345983|388227595529317337139255957228|838872954522435775342254592788|371882887194295555924917882881|132188385799225555229975838812|513738821571552992551751288373|851383882157452222547512883831|582334778288593333958828774332|552243778838954334598388773422|115822343572275995722883432285|115512438388729559278838342155|882558233718828888288173328552|485255221321883883881231225525|,1
47996f11.json,1,claude3_5-langchain,|544811558513738828383158551184|488811585137388288837315851188|485255221321883883881231225525|882558233718828888288173328552|115512438388729559278838342155|115822343882275995722883432285|552243778838954334598388773422|582334778288593333958828774332|851383882157452222547512883831|513738821571552992551751288373|132188385799225555229975838812|371882887194295555924917882881|838872954522435775342254927888|388227595529317337139255957228|883895432255571771755522345983|828859572255737117375592759588|828859572255737117375592759588|883895432255571771755522345983|388227595529317337139255957228|838872954522435775342254592788|371882887194295555924917882881|132188385799225555229975838812|513738821571552992551751288373|851383882157452222547512883831|582334778288593333958828774332|552243778838954334598388773422|115822343882275995722883432285|115512438388729559278838342155|882558233718828888288173328552|485255221321883883881231225525|,2
48131b3c.json,1,claude3_5-langchain,|10011001|01010101|00100010|10001000|10011001|01010101|00100010|10001000|,1
48131b3c.json,1,claude3_5-langchain,|10011001|01010101|00100010|01000100|10011001|01010101|00100010|01000100|,2
4852f2fa.json,1,claude3_5-langchain,|000008800880|000008080808|000008800880|,1
4852f2fa.json,1,claude3_5-langchain,|000008800880|000008080808|000008800880|,2
4852f2fa.json,2,claude3_5-langchain,|000080000080|888888888888|000080000080|,1
4852f2fa.json,2,claude3_5-langchain,|000080000080|000888000888|000080000080|,2
48f8583b.json,1,claude3_5-langchain,|979000979|997000997|797000797|000979000|000997000|000797000|979000000|997000000|797000000|,1
48f8583b.json,1,claude3_5-langchain,|979000979|997000997|797000797|000979000|000997000|000797000|979000000|997000000|797000000|,2
4aab4007.json,1,claude3_5-langchain,|1111111111111111111111111111|1111111111111111111111111111|1144444444444444444444444444|1143219135791357913579135791|1142791357913579135791357913|1141913579135791357913579135|1149135791357913579135791357|1141357913579135791357913579|1143579135791357913579135791|1145791357913579135791357913|1147913579135791357913579135|1149135791357913579135791357|1141357913579135791357913579|1143579135791357913579135791|1145791357913579135791357913|1147913579135791357913579135|1149135791357913579135791357|1141357913579135791357913579|1143579135791357913579135791|1145791357913579135791357913|1147913579135791357913579135|1149135791357913579135791357|1141357913579135791357913579|1143579135791357913579135791|1145791357913579135791357913|1147913579135791357913579135|1149135791357913579135791357|1141357913579135791357913579|,1
4aab4007.json,1,claude3_5-langchain,|1111111111111111111111111111|1111111111111111111111111111|1144444444444444444444444444|1143219135791357913579135791|1142791357913579135791357913|1141913579135791357913579135|1149135791357913579135791357|1141357913579135791357913579|1143579135791357913579135791|1145791357913579135791357913|1147913579135791357913579135|1149135791357913579135791357|1141357913579135791357913579|1143579135791357913579135791|1145791357913579135791357913|1147913579135791357913579135|1149135791357913579135791357|1141357913579135791357913579|1143579135791357913579135791|1145791357913579135791357913|1147913579135791357913579135|1149135791357913579135791357|1141357913579135791357913579|1143579135791357913579135791|1145791357913579135791357913|1147913579135791357913579135|1149135791357913579135791357|1141357913579135791357913579|,2
4acc7107.json,1,claude3_5-langchain,|0000000000|0000000000|0000000000|0000000000|0003000000|0333300000|0003300000|2222000000|0002003330|0022002220|,1
4acc7107.json,1,claude3_5-langchain,|0000000000|0000000000|0000000000|0000000000|0003000000|0333300000|0003300000|2222000000|0002003330|0022002220|,2
4b6b68e5.json,1,claude3_5-langchain,|000000000000000000000000|000222222200000033333300|000266666222000036666300|000266666662000036666300|000266666662003336666300|022266666662003666666300|026666666662003666666300|026666622222003666666300|026666620000003666666300|022222220000003666666300|000000000000003333666300|000000000000000003666300|000000000000000003666300|000000088888000003333300|000000088888000000000000|008888888888000000000000|008888888888000000000000|008888888888000000000000|008888888888000777777700|008888888888000744444700|008888888888000744444700|008888888888000744444700|008888888888000744444400|000000000000000777770000|000000000000000000000000|000000000000000000000000|,1
4b6b68e5.json,1,claude3_5-langchain,|000000000000000000000000|000222222200000033333300|000266666222000036666300|000266666662000036666300|000266666662003336666300|022266666662003666666300|026666666662003666666300|026666622222003666666300|026666620000003666666300|022222220000003666666300|000000000000003333666300|000000000000000003666300|000000000000000003666300|000000088888000003333300|000000088888000000000000|008888888888000000000000|008888888888000000000000|008888888888000000000000|008888888888000777777700|008888888888000788888700|008888888888000788888700|008888888888000788888700|008888888888000788888000|000000000000000777770000|000000000000000000000000|000000000000000000000000|,2
4c177718.json,1,claude3_5-langchain,|000000000000000|000000000000000|011000000000000|001100000000000|011000000000000|000000008000000|000000008800000|000000000880000|000000000000000|,1
4c177718.json,1,claude3_5-langchain,|000000000000000|000000000000000|000000000000000|011000000000000|001100000000000|011000000000000|000000080000000|000000088000000|000000008800000|,2
4c177718.json,2,claude3_5-langchain,|000000000000000|010000000000000|011000000000000|011100000000000|000000333000000|000000303000000|000000333000000|000000000000000|000000000000000|,1
4c177718.json,2,claude3_5-langchain,|000000000000000|010000000000000|011000000000000|011100000000000|000000333000000|000000303000000|000000333000000|000000000000000|000000000000000|,2
4cd1b7b2.json,1,claude3_5-langchain,|4123|2314|3241|1432|,1
4cd1b7b2.json,1,claude3_5-langchain,|4123|2314|3241|1432|,2
4e45f183.json,1,claude3_5-langchain,|0000000000000000000|0114440114110444110|0144440144410444410|0444440444440444440|0444440444440444440|0444440444440444440|0000000000000000000|0444440114110444440|0444440144410444440|0444440444440444440|0444440144410444440|0444440114110444440|0000000000000000000|0444440444440444440|0444440444440444440|0444440444440444440|0144440144410444410|0114440114110444110|0000000000000000000|,1
4e45f183.json,1,claude3_5-langchain,|0000000000000000000|0114440441440444110|0144440441440444410|0444440444440444440|0444440444440444440|0444440444440444440|0000000000000000000|0444440114110444440|0444440144410444440|0444440444440444440|0444440144410444440|0444440114110444440|0000000000000000000|0444440444440444440|0444440444440444440|0444440444440444440|0144440441440444410|0114440441440444110|0000000000000000000|,2
4e469f39.json,1,claude3_5-langchain,|0222222222|0552500000|0522500000|0522500000|0555500000|0000000000|2222222200|0000055250|0000052250|0000055550|,1
4e469f39.json,1,claude3_5-langchain,|0000000000|0552500000|0522500000|0522500000|0555500000|0000000000|2222222200|0000055250|0000052250|0000055550|,2
4f537728.json,1,claude3_5-langchain,|11011011011011088011|00000000000000000000|11011011011011088011|11011011011011088011|00000000000000000000|88088088088088088088|88088088088088088088|00000000000000000000|11011011011011088011|11011011011011088011|00000000000000000000|11011011011011088011|11011011011011088011|00000000000000000000|11011011011011088011|11011011011011088011|00000000000000000000|11011011011011088011|11011011011011088011|00000000000000000000|,1
4f537728.json,1,claude3_5-langchain,|11011011011011088011|00000000000000000000|11011011011011088011|11011011011011088011|00000000000000000000|88088088088088088088|88088088088088088088|00000000000000000000|11011011011011088011|11011011011011088011|00000000000000000000|11011011011011088011|11011011011011088011|00000000000000000000|11011011011011088011|11011011011011088011|00000000000000000000|11011011011011088011|11011011011011088011|00000000000000000000|,2
4ff4c9da.json,1,claude3_5-langchain,|001121011201001101021001201|001121011201001101021001201|111111111111111111111111111|111181111811111111181111811|221881221881221221881221881|111111111111111111111111111|001181011801001101081001801|111181111811111111181111811|111111111111111111111111111|221881221881221221881221881|001181011801001101081001801|111111111111111111111111111|001121011201001101021001201|001121011201001101021001201|111111111111111111111111111|111181111811111111181111811|001181011801001101081001801|111111111111111111111111111|001181011801001101081001801|221881221881221221881221881|111111111111111111111111111|001121011201001101021001201|001121011201001101021001201|111111111111111111111111111|881881881881881881881881881|001181011801001101081001801|111111111111111111111111111|,1
4ff4c9da.json,1,claude3_5-langchain,|001121011201001101021001201|001121011201001101021001201|111111111111111111111111111|111181111811111111181111811|221881881881221881881221881|111111111111111111111111111|001181011801001101081001801|111181111811111111181111811|111111111111111111111111111|221881881881221881881221881|001181011801001101081001801|111111111111111111111111111|001121011201001101021001201|001121011201001101021001201|111111111111111111111111111|111181111811111111181111811|001181011801001101081001801|111111111111111111111111111|001181011801001101081001801|221881881881221881881221881|111111111111111111111111111|001121011201001101021001201|001121011201001101021001201|111111111111111111111111111|881881881881881881881881881|001181011801001101081001801|111111111111111111111111111|,2
505fff84.json,1,claude3_5-langchain,|2000202|0200002|2020220|,1
505fff84.json,1,claude3_5-langchain,|20002022|22200002|00220222|02000002|,2
506d28a5.json,1,claude3_5-langchain,|33333|00030|03003|33333|,1
506d28a5.json,1,claude3_5-langchain,|33333|00030|03000|33303|,2
50a16a69.json,1,claude3_5-langchain,|868686|686868|868686|686868|868686|686868|,1
50a16a69.json,1,claude3_5-langchain,|868686|686868|868686|686868|868686|686868|,2
50aad11f.json,1,claude3_5-langchain,|00110070|01100777|00111007|00001077|03003033|03033000|03000333|03330000|,1
50aad11f.json,1,claude3_5-langchain,|00110070|01100777|00111007|00001077|33303330|30330000|30000300|33300000|,2
50f325b5.json,1,claude3_5-langchain,|73224372707340324|02222303303200307|32037022237033022|42770020007432372|70830733023040070|34883200342403324|23080024044007230|24030022327337040|27740302770470733|00734023074323073|27034734040003372|43023040433223303|47073323307000047|33330434473700030|02233307327343333|33347433300407043|,1
50f325b5.json,1,claude3_5-langchain,|73224372707340324|02222303303200307|32037022237033022|42770020007432372|70830733023040070|34883200342403324|23080024044007230|24030022327337040|27740302770470733|00734023074323073|27034734040003372|43023040433223303|47073323307000047|33330434473700030|02233307827343333|33347433800407043|,2
516b51b7.json,1,claude3_5-langchain,|00111111111110000|00122222222210000|00123333333210000|00123222223210000|00123333333210000|00111111111110000|00000000000000000|00000000011111110|00000000012222210|01111100012333210|01222100012323210|01111100012333210|00000000012222210|00000000011111110|00000000011111110|,1
516b51b7.json,1,claude3_5-langchain,|00111111111110000|00122222222210000|00123333333210000|00123222223210000|00123333333210000|00111111111110000|00000000000000000|00000000011111110|00000000012222210|01111100012333210|01222100012323210|01111100012333210|00000000012222210|00000000011111110|00000000011111110|,2
5207a7b5.json,1,claude3_5-langchain,|888566600|888566000|888566000|888560000|888560000|888500000|888500000|888000000|888000000|880000000|880000000|800000000|800000000|000000000|000000000|,1
5207a7b5.json,1,claude3_5-langchain,|888566600|888566000|888566000|888560000|888560000|888500000|888500000|888000000|888000000|880000000|880000000|800000000|800000000|000000000|000000000|,2
5289ad53.json,1,claude3_5-langchain,|333|222|,1
5289ad53.json,1,claude3_5-langchain,|333|222|,2
52fd389e.json,1,claude3_5-langchain,|00000000000000000000000000000|00011111100000000033333330000|00014444100000000034444430000|00014414100000000034344430000|00014444100000000034443430000|00011111100000000034444430000|00000000000000000033333330000|00000000000000000000000000000|00000000000000000000000000000|00000000000000000000000000000|00000000000000000000000000000|00000000000000000000000000000|00000666666666000000000000000|00000666666666000000000000000|00000666666666000000000000000|00000644444446000000000000000|00000644446446000000000000000|00000644644446000000000000000|00000644444646000000000000000|00000646464446000000000000000|00000644444446000000000000000|00000666666666000000000000000|00000666666666000000000000000|00000666666666000000000000000|00000000000000000000000000000|00000000000000000000000000000|00000000000000000000000000000|00000000000000000000000000000|00000000000000000000000000000|,1
52fd389e.json,1,claude3_5-langchain,|00000000000000000000000000000|00011111100000000033333330000|00014444100000000034444300000|00014414100000000034344300000|00014444100000000034434300000|00011111100000000034444300000|00000000000000000033333300000|00000000000000000000000000000|00000000000000000000000000000|00000000000000000000000000000|00000000000000000000000000000|00000000000000000000000000000|00000000000000000000000000000|00000666666666000000000000000|00000666666666000000000000000|00000644444446000000000000000|00000644446446000000000000000|00000644644446000000000000000|00000644444646000000000000000|00000646464446000000000000000|00000644444446000000000000000|00000666666666000000000000000|00000666666666000000000000000|00000000000000000000000000000|00000000000000000000000000000|00000000000000000000000000000|00000000000000000000000000000|00000000000000000000000000000|00000000000000000000000000000|,2
54db823b.json,1,claude3_5-langchain,|000000000333330|003333930393330|003933330333330|003333390333330|000000000333330|333330000339330|393930000000000|333330000000000|393930000000000|339330000000000|333330000000333|000000000000339|339300000000333|393900000000399|933300000000333|,1
54db823b.json,1,claude3_5-langchain,|000000000333330|003333930393330|003933330333330|003333390333330|000000000333330|333330000339330|393930000000000|333330000000000|393930000000000|339330000000000|333330000000333|000000000000339|339300000000333|393900000000399|933300000000333|,2
55059096.json,1,claude3_5-langchain,|0030000000000|0333000000000|0032000000000|0000200000000|0000020000000|0000002000000|0000000230000|0000000333000|0000000230000|0000002000000|0000320000000|0003330000000|0000320000000|0000002000300|0000000003330|0000000000300|0000000000000|,1
55059096.json,1,claude3_5-langchain,|0030000000000|0333000000000|0032000000000|0000200000000|0000020000000|0000002000000|0000000230000|0000000333000|0000000230000|0000002000000|0000320000000|0003330000000|0000320000000|0000002000300|0000000003330|0000000000300|0000000000000|,2
551d5bf1.json,1,claude3_5-langchain,|00000000000000000000000000|00000000000000000000000000|00111111111000000000000000|00188888881000001118111110|00188888881000001888888810|00188888881000001888888810|00188888881000001888888810|00111111111000001888888810|00000000000000001888888810|00000011111111001888888810|00000018888881001111111110|88888888888881000000000000|00000018888881000000000000|00000018888881001111111000|00000011111111001888881000|00000000000000001888881000|00000000000000001888881000|00011111111000001888881000|00018888881000001888881000|88888888881000001111811000|00018888881000000000800000|00018888881000000000800000|00011111111000111118800000|00000000000000188818000000|00000000000000118118000000|00000000000000008008000000|,1
551d5bf1.json,1,claude3_5-langchain,|00000000000000000000000000|00000000000000000000000000|00111111111000000000000000|00188888881000001118111110|00188888881000001888888810|00188888881000001888888810|00188888881000001888888810|00111111111000001888888810|00000000000000001888888810|00000011111111001888888810|00000018888881001111111110|88888888888881000000000000|00000018888881000000000000|00000018888881001111111000|00000011111111001888881000|00000000000000001888881000|00000000000000001888881000|00011111111000001888881000|00018888881000001888881000|88888888881000001111811000|00018888881000000000800000|00018888881000000000800000|00011111111000111110800000|00000000000000188810800000|00000000000000118110800000|00000000000000008000800000|,2
55783887.json,1,claude3_5-langchain,|4444444444444444|4444444444444444|4414444444444444|4441444444444444|4444644444444414|4444464444444144|4444446444441444|4444444644414464|4444444464144444|4444444446444444|4444444444144444|4444444444414444|4444444444441444|4444444444444144|4444444444444414|4464444444444441|4644444444444444|6444444441444444|4444444444444444|,1
55783887.json,1,claude3_5-langchain,|4444444444444444|4444444444444444|4414444444444444|4441444444444444|4444644444444414|4444464444444144|4444446444441444|4444444644414464|4444444464144444|4444444446444444|4444444444144444|4444444444414444|4444444444441444|4444444444444144|4444444444444414|4464444444444441|4644444444444444|6444444441444444|4444444444444444|,2
575b1a71.json,1,claude3_5-langchain,|5551555555|5555555555|5555555555|2555555555|5555535555|5545555555|5545555555|2555555555|5555555555|2555535555|,1
575b1a71.json,1,claude3_5-langchain,|5551555555|5555555555|5555555555|2555555555|5555535555|5535555555|5535555555|2555555555|5555555555|2555535555|,2
5783df64.json,1,claude3_5-langchain,|596|481|327|,1
5783df64.json,1,claude3_5-langchain,|596|481|327|,2
5833af48.json,1,claude3_5-langchain,|11111811811111111111111|11118111181111111111111|11111811811111111111111|18111111111111111111181|88111111111111111111188|18881111111111111118881|18111111111111111111181|11111811811111111111111|11118111181111111111111|11111811811111111111111|,1
5833af48.json,1,claude3_5-langchain,|11111811811111111111111|11118111181111111111111|11111811811111111111111|18111111111111111111181|88111111111111111111881|18881111111111111111188|18111111111111111111181|11111811811111111111111|11118111181111111111111|11111811811111111111111|18111111111111111111181|88111111111111111111881|,2
58743b76.json,1,claude3_5-langchain,|02000000000088|00020002020088|20020000000088|00000000002088|00000000200088|00002000000088|02000000000088|20000200200088|00000000000088|00002000002088|00000002200088|02000000000088|88888888888831|88888888888874|,1
58743b76.json,1,claude3_5-langchain,|02000000000088|00030003030088|20030000000088|00000000004088|00000000400088|00004000000088|02000000000088|20000300300088|00000000000088|00004000004088|00000003300088|02000000000088|88888888888831|88888888888874|,2
58e15b12.json,1,claude3_5-langchain,|00003000008300003000|00003000008300003000|00003000080300003000|00003000800300003000|00003008000300003000|00003080000300003000|00003800000300003000|00030800000300003000|00030800000300003000|00300800000300003000|00300800800300003000|03000800800300003000|03000800800300003000|30000800800300003000|30000800800300003000|30000800800300003000|30000080080300003000|30000080080300003000|30000008008300003000|30000008008300003000|30000000800600003000|30000000800380003000|30000000800308003000|30000000800300803000|,1
58e15b12.json,1,claude3_5-langchain,|00000000008030000300|00000000080030000300|00000000800030000300|00000008000300003000|00000080000300003000|00000800000300003000|00008000003000000300|00080000003000000300|00800000030000000030|08000000030000000030|80000800830000000003|00000800830000000003|00000800803000000030|00000800803000000030|80000800800300000300|08000000000300003000|00800000000030030000|00080000000030300000|00008000000006000000|00000800000030300000|00000080000300030000|00000008003000003000|00000000830000000300|00000000060000000030|,2
59341089.json,1,claude3_5-langchain,|758857758857|575575575575|588885588885|,1
59341089.json,1,claude3_5-langchain,|758857758857|575575575575|588885588885|,2
5a5a2103.json,1,claude3_5-langchain,|000050000500005000050000|220252202522025220252202|022050220502205022050220|002050020500205002050020|555555555555555555555555|000050000500005000050000|330353303533035330353303|033050330503305033050330|003050030500305003050030|555555555555555555555555|000050000500005000050000|440454404544045440454404|044050440504405044050440|004050040500405004050040|555555555555555555555555|000050000500005000050000|660656606566065660656606|066050660506605066050660|006050060500605006050060|555555555555555555555555|000050000500005000050000|770757707577075770757707|077050770507705077050770|007050070500705007050070|,1
5a5a2103.json,1,claude3_5-langchain,|000050000500005000050000|220252202522025220252202|022050220502205022050220|002050020500205002050020|555555555555555555555555|000050000500005000050000|330353303533035330353303|033050330503305033050330|003050030500305003050030|555555555555555555555555|000050000500005000050000|440454404544045440454404|044050440504405044050440|004050040500405004050040|555555555555555555555555|000050000500005000050000|660656606566065660656606|066050660506605066050660|006050060500605006050060|555555555555555555555555|000050000500005000050000|770757707577075770757707|077050770507705077050770|007050070500705007050070|,2
5af49b42.json,1,claude3_5-langchain,|953400000000000000|000000000028130000|000000000000000000|213953400000000000|000000000000000000|000000000213860000|000000000000000000|000000000000000000|000000000000000000|000000213800000000|000000000000000000|000000000213820000|000000000000000000|953470000000000000|000000000000000000|000000000000000000|213800000000004567|,1
5af49b42.json,1,claude3_5-langchain,|953400000000000000|000000000218004567|000000000000000000|953400000000000000|000000000000000000|000002138000060000|000000000000000000|000000000000000000|000000000000000000|213800010000004567|000000000000000000|000000000953420000|000000000000000000|953470000000000000|000000000000000000|000000000000000000|213800000000004567|,2
5b526a93.json,1,claude3_5-langchain,|000000000000000000000000000000|001110088808880008880888000000|001010080808080008080808000000|001110088808880008880888000000|000000000000000000000000000000|000000000000000000000000000000|001110088808880008880888000000|001010080808080008080808000000|001110088808880008880888000000|000000000000000000000000000000|000000000000000000000000000000|000000000000000000000000000000|001110088808880008880888000000|001010080808080008080808000000|001110088808880008880888000000|000000000000000000000000000000|001110011101110001110111000000|001010010101010001010101000000|001110011101110001110111000000|000000000000000000000000000000|000000000000000000000000000000|,1
5b526a93.json,1,claude3_5-langchain,|000000000000000000000000000000|001110088808880008880888000000|001010080808080008080808000000|001110088808880008880888000000|000000000000000000000000000000|000000000000000000000000000000|001110088808880008880888000000|001010080808080008080808000000|001110088808880008880888000000|000000000000000000000000000000|000000000000000000000000000000|000000000000000000000000000000|001110088808880008880888000000|001010080808080008080808000000|001110088808880008880888000000|000000000000000000000000000000|001110011101110001110111000000|001010010101010001010101000000|001110011101110001110111000000|000000000000000000000000000000|000000000000000000000000000000|,2
5b692c0f.json,1,claude3_5-langchain,|0000000000000000000000000000|0000000000000000000000000000|0000022422000000000800000000|0000222222000000088848000000|0000244444200000884848000000|0000222222000000888848000000|0000022222200000888848880000|0000020002000000888848880000|0000000000000000088848800000|0000000000000000000800000000|0000000000000000000000000000|0000000000000000000000000000|0000000000000000000000000000|0000003333330000000000000000|0000333333333000000041410000|0000333333333000000111411000|0000344444443000001111411100|0000333333333000000111411000|0000333334333300000041410000|0000033333333000000000000000|0000003333330000000000000000|0000000000000000000000000000|0000000000000000000000000000|0000000000000000000000000000|,1
5b692c0f.json,1,claude3_5-langchain,|0000000000000000000000000000|0000000000000000000000000000|0000224222000000008880000000|0000222222000000088848800000|0000444444000000884848800000|0000222222000000888848800000|0000224222200008888848880000|0000000000000008888848880000|0000000000000000888880000000|0000000000000000000000000000|0000000000000000000000000000|0000000000000000000000000000|0000000000000000000000000000|0000003333000000000000000000|0000333333330000004141410000|0000333333330000011114111000|0000444444444000001114110000|0003333333333300000114100000|0000333334333300000000000000|0000333333333000000000000000|0000033300333000000000000000|0000000000000000000000000000|0000000000000000000000000000|0000000000000000000000000000|,2
5b6cbef5.json,1,claude3_5-langchain,|0202020200000202|2202220200002202|2200220000002200|0002000200000002|0202000000000202|2202000000002202|2200000000002200|0002000000000002|0000000000000202|0000000000002202|0000000000002200|0000000000000002|0202020202020202|2202220222022202|2200220022002200|0002000200020002|,1
5b6cbef5.json,1,claude3_5-langchain,|0202000000000202|2202000000002202|2200000000002200|0002000000000002|0202020202020202|2202220222022202|2200220022002200|0002000200020002|0202000000000202|2202000000002202|2200000000002200|0002000000000002|0000020200000202|0000220200002202|0000220000002200|0000000200000002|,2
5d2a5c43.json,1,claude3_5-langchain,|0808|8888|8888|8888|8888|8808|,1
5d2a5c43.json,1,claude3_5-langchain,|0808|8888|8888|8888|8888|8808|,2
5d2a5c43.json,2,claude3_5-langchain,|8888|8808|8808|8888|8808|0888|,1
5d2a5c43.json,2,claude3_5-langchain,|8880|8808|8080|8888|8808|0888|,2
5ffb2104.json,1,claude3_5-langchain,|0000000008|0000000022|0000000233|0000002044|0000004440|0000000080|0000000060|0000000860|0000000550|0000000080|,1
5ffb2104.json,1,claude3_5-langchain,|0000000008|0000000022|0000000233|0000002044|0000004440|0000000080|0000000060|0000000860|0000005500|0000000080|,2
604001fa.json,1,claude3_5-langchain,|000000000000|000000000000|000000000000|444000000000|044000555500|400000050500|000000005000|000000000000|000000000000|000000000000|000220200000|000202000000|000022006606|000000000666|000000006600|,1
604001fa.json,1,claude3_5-langchain,|000000000000|000000000000|000000000000|555000000000|055000444400|500000040400|000000004000|000000000000|000000000000|000000000000|000660600000|000606000000|000066002202|000000000222|000000002200|,2
60a26a3e.json,1,claude3_5-langchain,|000000000000000|002000000000000|020200000000000|002000020000000|000000202000000|002000020020000|020211111202000|002000000020000|000000000010000|,1
60a26a3e.json,1,claude3_5-langchain,|000000000000000|002000000000000|020200000000000|002000020000000|000000202000000|002000020020000|020211111202000|002000000020000|000000000010000|,2
60c09cac.json,1,claude3_5-langchain,|0000110000|0000110000|0000110000|0000110000|0066666600|0066666600|0000116600|0000116600|0000000000|0000000000|,1
60c09cac.json,1,claude3_5-langchain,|0000110000|0000110000|0000110000|0000110000|0066666600|0066666600|0000116600|0000116600|0000000000|0000000000|,2
626c0bcc.json,1,claude3_5-langchain,|0110330|2211330|0220400|0044400|0000000|0000000|0000000|,1
626c0bcc.json,1,claude3_5-langchain,|0220440|3111140|0320400|0033300|0000000|0000000|0000000|,2
